Lindsey,Bewshea
Gasper,Ferrarello
Berri,Beedom
Patsy,Abrahm
Priscella,Pasley
Joly,Darrel
Tiff,MacWilliam
Margie,Quayle
Rabbi,Kynson
Christoforo,Westman
Gui,Cranham
Averell,Antoinet
Ortensia,Ashall
Mercie,Radin
Ulla,Strond
Ray,Romera
Karin,MacFadzean
Kalina,Syson
Sherm,Sterricker
Chip,Tourmell
Felita,Abbiss
Henrik,Creeghan
Carmine,Kingzet
Elka,Solway
Kristen,Copnall
Devi,Bendall
Adam,Rodd
Farand,Ventura
Shelba,Vigars
Wesley,Seeviour
King,Cricket
Marty,Gooley
Kirsteni,Liston
Jeannette,Bilyard
Witty,Kelledy
Dru,Lambrecht
Burnaby,Carnew
Cybill,Giorgione
Justinn,Santo
Berkeley,Codrington
Katherine,O'Regan
Alyda,Ommundsen
Saw,Milch
Alikee,Bernardo
Xaviera,Stollhofer
Shaylyn,MacVanamy
Maurizio,Arkow
Adler,Yantsurev
Nolie,Derrington
Alberta,Awdry
Matias,Bellie
Kit,Axcell
Constantine,Benyon
Doreen,Thorne
Mariya,Coorington
Wallis,McCallion
Nichols,Goodwins
Tab,Bauer
Phip,Commin
Freddie,Mundle
Natassia,Huot
Diana,Teideman
Berke,Slyne
Filberto,Habergham
Federica,Purseglove
Janeva,Kleynermans
Arly,Lengthorn
Wat,Wooffinden
Rhiamon,Nussgen
Bart,Eilles
Bibby,Bracknell
Trever,Goshawk
Homer,Fairham
Corri,Dolling
Tiebold,Ayliff
Van,Antonignetti
Elden,Feaviour
Pren,Wentworth
Lory,Ronald
Ernie,Brendel
Gerianne,Willimot
Cleveland,Mullenger
Costanza,Eke
Teddy,Wince
Rollin,Hatwell
Rosabelle,Doble
Daryle,Rosenbaum
Marta,McKiddin
Janel,Leatham
Baird,Linnit
Marie-jeanne,McGarrell
Annabela,McKintosh
Carmelle,Edwin
Luther,Clineck
Madalena,Rissom
Davide,Islep
Kyle,Bentson
Filia,Whitworth
Ardelle,Luscombe
Cass,Denyagin
Levin,Klas
Grant,Winter
Rene,Philo
Alanah,Ffrench
Skell,Hazelgreave
Darryl,Gadaud
Quinn,Sloss
Merilee,Denacamp
Benny,Hurburt
Perren,Peizer
Lidia,Mathe
Marillin,Huttley
Creighton,Cesaric
Latrina,O' Donohoe
Rosalind,Lemmanbie
Theodoric,Pochin
Davy,McNaughton
Othilia,Grasha
Skippie,Haddy
Elisha,Epps
Kiele,Atton
Harman,Cure
Clotilda,Lydden
Neill,Dale
Estevan,Lawty
Abigale,Beams
Quintus,Steers
Kirsten,Furse
Tomasine,Corradeschi
Tripp,Ibotson
Morry,Glason
Isac,Bynold
Gabrielle,Stawell
Tamas,Salvidge
Gail,Lissandre
Daryn,Pattingson
Robb,Gergler
Martguerita,Maudsley
Konrad,Worham
Nicolai,Sygrove
Alisander,Joust
Daron,Scannell
Rudyard,Cotty
Ham,Rickert
Lorinda,Hawkswell
Mag,Frosch
Livy,Picknett
Quent,Tromans
Talia,Otter
Tessy,McGillreich
Teddie,Dyster
Bucky,Meus
Holden,O'Spillane
Burtie,Ellcock
Alison,Perton
Thoma,Tregoning
Reinold,Casol
Rey,Rexworthy
Jedidiah,Ivankin
Fredek,Jewers
Junie,Scrowston
Goldy,Hughes
Fiann,Zannuto
Kendal,Silcocks
Joanna,Don
Emmit,Renbold
Thatch,Carwithan
Stearn,Nixon
Robbie,Harold
Evangelina,Harmston
Kai,Benley
Elisa,Kerrane
Waylan,Corser
Zak,Welfair
Moritz,Whitworth
Joshia,Matthew
Lydia,Rosengren
Kinny,Danev
Silvio,Caddick
Rodolphe,Millett
Bearnard,Whitton
Aubrey,Lockyear
Jayson,McGeaney
Raffaello,Abrahmovici
Magdaia,Emmerson
Georgy,Feirn
Rock,Halvorsen
Reinold,Caulliere
Leland,Bartoszinski
Gaven,Whitington
Mil,Kloska
Michal,Tremmil
Iggy,Hick
Paulie,Chessun
Annaliese,Fante
Jedidiah,Dominetti
Layney,Dicty
Davie,McCreery
Frederica,Bamlet
Erhard,Abramowitch
Candace,Camerana
Marnie,Sodeau
Brian,Burne
Hildegaard,Ostick
Cash,Fogden
Joletta,Flowerden
Glyn,Kingaby
Blinni,Chestney
Corby,Berthod
Timothee,Colbourne
Calvin,Mielnik
Reider,Lyon
Kali,Binge
Linet,Leathes
Morgan,Doelle
Cami,Duffan
Art,Laverock
Evita,Fridd
Samuel,Burnapp
Thorpe,Shoppee
Rafi,Broadist
Mandel,Hubberstey
Lorilee,Mealiffe
Walton,Oliphand
Arte,Ramsbotham
Willamina,Strutton
Noah,Febvre
Clotilda,Coogan
Patrice,Paulich
Kaylee,Aingel
Emmalynne,Jerrans
Rozanna,Frogley
Patric,Turfs
Alain,Ginnane
Tabby,Briars
Jeff,McGreal
Gilberto,Daws
Faythe,McPhaden
Rodi,Olligan
Calvin,Wiskar
Thadeus,Kenninghan
Dana,Groocock
Courtnay,Paviour
Eamon,Ruvel
Gallagher,Lamb-shine
Sonny,Baldazzi
Mia,Confort
Missie,Fer
Heinrik,Petken
Massimiliano,Beekmann
Hymie,Sandyford
Jacenta,Kunath
Evonne,Halpen
Berty,Durrell
Parnell,De Castri
Aubrie,Gregs
Annabelle,Dincey
Maryellen,Braun
Leonhard,Hinsch
Sile,McLarnon
Elvyn,Caulcutt
Peggi,Andrioli
Jilli,Bendle
Gilberto,Whalebelly
Ondrea,Arnaldi
Greggory,Conwell
Ahmad,Jarrold
Daron,Cowsby
Teodorico,Sivell
Aguste,Clayworth
Gage,Bowie
Ransell,Speers
Hewett,Deekes
Mollee,Stelljes
Lorrin,Ruprich
Si,Lillo
Abey,Clemendot
Ringo,Tomkys
Gregg,Gossop
Corabelle,Croxall
Fields,Hartfield
Almeda,Isley
Erna,Madgwich
Blondelle,Stinton
Kyla,Kalinsky
Mead,Brocklebank
Coraline,Sleeny
Tiff,Le Claire
Clayson,Switland
Haze,Alderman
Bondy,Albasini
Thornie,Brooks
Kendra,Benitez
Kacie,Smallpeice
Geoff,Skitral
Shantee,Cockin
Pammy,Da Costa
Paule,Klejna
Tiphani,Lethley
Skylar,Bouchier
Mady,Baudoux
Alard,Shord
Clovis,Menure
Sharleen,Huban
Torie,Harefoot
Lorrin,Giffen
Veronika,MacVean
Stearne,Howlings
Laurel,Stickel
Kerianne,Grammer
Joshuah,Punch
La verne,Durant
Margette,Maghull
Cedric,Scholtz
Chadwick,Andino
Nadean,Corrett
Greta,O'Hickee
Amaleta,Hogsden
Hershel,Alekseicik
Rossie,Hacun
Emory,Dellenbrook
Darrick,Killeen
Reggis,Hoff
Gram,Eveleigh
Ricky,Haskayne
Sylvia,Garbar
Cyndie,Bentick
Desmund,Stitch
Quentin,McIsaac
Nelia,Olyunin
Winnifred,Brims
Katya,Cunnell
Germaine,Kliment
Livia,Soloway
Fraze,Benadette
Eliot,Fortey
Lauritz,Bundey
Gretel,Duinkerk
Cully,Engel
Shandie,Adds
Reagan,Yesichev
Abraham,Rose
Aurelie,Botly
Mark,Bassindale
Hanny,Kuna
Evyn,Seals
Neile,Swaden
Aaren,Coventon
Claudina,Hirsch
Bernardine,Beake
Cory,Irnis
Korrie,Schrei
Holden,Jepps
Annecorinne,Boni
Annabel,Ruffler
De,Scarf
Baird,Touhig
Windham,Hafner
Garreth,Gomery
Kassey,Largan
Abraham,Mustill
Kynthia,Soigoux
Rudolf,Kennington
Corena,Vowden
Lek,Gasticke
Garret,Baulcombe
Essie,Britton
Kienan,Loffill
Cami,Sprowles
Melvyn,Daysh
Maxwell,Scinelli
Cyndi,Meier
Konstantine,Tethacot
Torey,Vautrey
Marni,Gargett
Brig,Veracruysse
Noe,Marioneau
Delaney,Goeff
Darnall,Clulee
Fitz,Elvins
Ted,Barthelmes
Konstanze,Damrell
Jenn,Bacop
Shepard,Wheway
Dotty,Trowle
Emanuel,Philippart
Lindsy,Darke
Pyotr,Gutowski
Aldridge,Mogra
Humfrid,Hulmes
Mario,Stevani
Neil,Cancellieri
Juliette,Tebbit
Ric,Tuke
Joni,Hancorn
Allin,Klemencic
Ingrid,Byk
Karoly,Roofe
Zitella,Fuxman
Merrielle,Sperling
Bent,Grimmert
Jolie,Shields
Noell,Hassey
Terrell,Kemish
Hannie,Stears
Glenn,Lomasney
Colene,Esposi
Stevena,Money
Roanne,Fabbri
Mart,Wintour
Roma,Sheere
Urson,Bartleman
Mord,Dunwoody
Malissa,Harriott
Georgette,Feld
Tory,Camerello
Terencio,Chasen
Alex,Lavrinov
Vivian,Pedgrift
Cherin,Habberjam
Jasun,Green
Wynne,Artz
Broderick,Ruston
Yasmin,Page
Jesse,Feighney
Lyn,Caddy
Nigel,Londing
Leoine,Falconar
Gavin,Leither
Dorie,Bode
Shellie,Lohan
Tabb,Goncaves
Nancee,Upcraft
Amalea,Grooby
Appolonia,Fratson
Hughie,Gibbetts
Nolan,Cruddace
Skelly,Fitzpayn
Burnaby,Mulles
Ambrosi,Drogan
Samara,Tinsey
Corri,Adamowitz
Ann-marie,Birkett
Yuma,Parsons
Bentlee,Shailer
Edwin,Stroban
Verene,Tewes
Donaugh,Papierz
Amber,Comfort
Isaiah,Waber
Ferrell,Truin
Gabriele,Barbera
Brenda,Caudell
Priscilla,Esselin
Pete,Winspeare
Alain,Raigatt
Bartholemy,Philippart
Allianora,Truckett
Mandel,Sammonds
Marthe,Ingraham
Dulcie,Butting
Kippy,Euston
Glenine,Mabbs
Boot,Boshier
Grady,Killgus
Randy,Gurden
Coraline,Draper
Daria,Duffett
Aleda,Curm
Eadie,Linney
Udell,Westfield
Bonita,Burgiss
Danika,Coules
Anett,Slorach
Darcee,Tesoe
Nonah,Kilbourne
Udell,Stopps
Mikkel,Ingman
Lorelei,Waggett
Lulu,Fearnill
Ad,Lys
Emmey,Landers
Win,Ablott
Merissa,Threadkell
Elisabetta,Kennan
Timotheus,Philbin
Augustin,Moncreiff
Uta,Vedekhin
Becki,Boyle
Nikolia,Rigler
Sarette,Ashington
Tamma,Streatfield
Lorelei,Ryton
Dyanne,Mingus
Alberta,Fallens
Tabbi,Sheeran
Englebert,Maggill'Andreis
Frederich,Mustarde
Lesly,Bonner
Terra,Micheli
Glynnis,Overill
Jessee,Annis
Cordi,Jewsbury
Sashenka,Cast
Conrado,Klasen
Faydra,Rosberg
Wilow,Fillgate
Celeste,Bauer
Carry,Ruggen
Jodie,Collington
Teresita,Whaites
Teri,Duffyn
Kally,Balmer
Damara,Liston
Merwyn,McCerery
Charlot,Lewson
Hyacinth,Vader
Stephie,Drowsfield
Mordy,Rigate
Simmonds,Horsewood
Paulie,Ugoni
Jorie,Fardon
Werner,Melonby
Ida,Mendes
Leora,Sander
Madalena,Murfill
Natty,Beebee
Bernete,MacCorley
Ulrica,Sevier
Joann,Bottrell
Jillie,Feaver
Sallie,Wear
Akim,Zettler
Carmelina,Tigner
Loy,Piggott
Delaney,Cocher
Johnna,Fannin
Nealy,Tolmie
Constantia,Fownes
Jessamine,Phlippsen
Ame,Street
Luis,Dearl
Antonie,Pittendreigh
Shelby,Treeby
Ricky,Gealle
Federico,Dessaur
Benjamen,Raitt
Rafa,Dunseath
Jory,Axelby
Clari,Grangier
Doralia,Stroyan
Erny,Kibbe
Dulcea,Dixey
Frances,Mortlock
Vally,Tremmil
Derward,Huffadine
Yoko,Garard
Thorstein,Ellett
Shannon,Harome
Ferdinanda,Ahlin
Tommie,Wileman
Raquela,Rendle
Benedetta,Penswick
Donielle,Maddrell
Tani,Kitteringham
Simone,Mulrean
Janina,Cannell
Cathryn,Callery
Nicko,Calderhead
Garald,Mouncher
Sterling,Press
Risa,Paton
Priscella,Sackur
Dix,Gaydon
Legra,Mulqueeny
Dulcea,Miall
Jacobo,Gallatly
Roderick,Punshon
Lance,Matias
Rubi,Sainter
Emma,Viel
Ulrica,Nelthrop
Gretal,Dyke
Yolanthe,Ardy
Pen,Halpeine
Nanon,Gray
Berenice,Hugk
Luelle,Jaegar
Quinlan,Androck
Bettine,D'Agostini
Dexter,Dulling
Reese,Pavia
Nicolina,Kerley
Pooh,Diggar
Sheila,Jorger
Innis,Denson
Angelina,McIlwain
Merill,Gadsdon
Dun,Licquorish
Kimball,Cashen
Rosemonde,Fishpool
Jordain,Ballingal
Melva,Dufaur
Carmen,Wickardt
Else,Mabbutt
Gale,Jeannet
Cosetta,Rablen
Constance,Cumbers
Jourdain,Godard
Tresa,Soanes
Forester,Fleisch
Georgi,Lilywhite
Annmaria,Rispin
Patricia,Robjant
Vera,Dionisio
Dario,De Benedetti
Junia,Venning
Aleksandr,Keaton
Rosetta,Canner
Nicholle,O'Sherrin
Michal,Normand
Phillis,Pasquale
Iris,Boate
Iago,Storkes
Annelise,Pardue
Gui,Dibdall
Yorker,Stoop
Milicent,Trever
Maisie,Chapell
Nina,Lyfield
Debee,Trude
Reta,Mablestone
Oona,Hackett
Nara,Fallen
Falkner,Castagnaro
Audi,Mewburn
Freddy,Pablos
Trixi,Follacaro
Georgie,Paschek
Christine,Jinda
Fedora,Codlin
Cloe,Annion
Tamma,Pottery
Lauren,Harborow
Angelika,Boldock
Berton,Sheahan
Willi,Cambell
Matilde,Buttery
Red,Travers
Janaya,Scibsey
Brennan,Dallman
Lyndell,Wattins
Clarance,O'Sculley
Marline,Bulbeck
Ewen,Carncross
Lanae,Trobe
Jorry,Rhead
Carlynne,Boyington
Lory,Mackelworth
Dominique,McCaghan
Forrester,Agglio
Nariko,Dreus
Lowell,Creus
Torrin,Comins
Casper,Plumley
Aluin,Eliesco
Andra,Andreu
Kristoffer,Godin
Lucho,Ricciardiello
Kimbell,McIlvoray
Jenica,Sails
Alfy,Greendale
Fairfax,Dahmke
Ware,Pople
Ban,Treharne
George,Conibere
Lauren,Skates
Randell,Stanger
Marcy,Ward
Ruttger,Anyon
Duncan,Gant
Pedro,Kieff
Mar,Megroff
Barbabas,Yurukhin
Sheri,Chretien
Hill,Troup
Jessalyn,Raffeorty
Brianne,Greve
Nonie,Messingham
Sioux,Draisey
Garik,Kinlock
Gallard,Haswall
Aime,Grimolbie
Isa,Vedikhov
Eddy,Juliff
Nial,Osmar
Alley,Hargess
Mel,Litton
Emalia,Aizikovitch
Myrna,Autry
Freddie,Hernik
Bradley,Oneil
Stan,Kember
Ramon,Caine
Kitty,Buckthorp
Neely,Mace
Dev,Killgus
Kamillah,Annetts
Rasia,Gee
Garrot,Pennells
Dominga,Devenport
Reamonn,Aylott
Bernadine,Peaple
Andromache,Ilett
Adeline,Ibbeson
Desmund,Rossbrooke
Harwell,Jencken
Dennie,Tabary
Merv,Barzen
Eve,Glasbey
Chaim,Verdie
Morgun,Munsey
Aguie,Yanyshev
Granthem,Canadas
Cornelle,Cubberley
Teddy,Orteaux
Bellanca,Hebble
Dede,Bengough
Burke,Nutkins
Maire,Dowdam
Patty,Neiland
Meyer,Milmore
Peggie,Attenbarrow
Boyce,Guidelli
Ursulina,Minchell
Ingar,Gosz
Addie,Fulk
Forrest,Whates
Marjie,MacDougall
Pierrette,Durrance
Shane,Chopy
Gerhardine,Worledge
Andris,Bartels-Ellis
Gillian,MacKniely
Thomasine,Spragge
Hunter,Steinor
Chiquita,Baxter
Pauly,Danielli
Rakel,Nickoll
Melamie,De Mattei
Dorelle,Offill
Kristo,Blann
Cami,Thick
Husain,Savoury
Sada,Hogbourne
Gayelord,Schwandner
Kiersten,Squirrell
Philis,Brett
Lenette,Rodwell
Tiphani,Von Oertzen
Bartram,Souten
Janice,Schout
Tarra,Duval
Franz,Jonah
Garald,Pock
Malanie,Lilburn
Svend,Milleton
Allyson,Sympson
Ginger,Girth
Guthry,Blockley
Melli,Marchetti
Sharon,Robb
Katheryn,Norwich
Carl,McAllaster
Heywood,Belfitt
Camille,Pavett
Alane,Abrahart
Wake,Germaine
Kelvin,Senogles
Annabal,Sammes
Helsa,Pruckner
Chen,Luparti
Inigo,Robus
Gunter,Stallon
Keriann,Hunnisett
Vern,Manz
Ellie,Collison
Eartha,Fraulo
Wadsworth,Lackemann
Clare,Feechum
Gare,Lardier
Jeremiah,Docwra
Keary,Hedan
Delmar,Farrance
Karna,Coysh
Forrest,Trump
Sergent,Sinncock
Reece,Donat
Hillier,Felce
Jaine,Hacquoil
Branden,Danilchev
Midge,Gibbins
Christel,Dimitrijevic
Kore,Torbet
Myrna,Shimoni
Lynnell,Coronas
Jonas,Allwell
Connie,Mounfield
Andria,MacFaul
Queenie,Beccles
Shelba,Blakeston
Georgeanna,McLoughlin
Valerie,Asch
Tomi,Kubal
Tull,Taplin
Ivett,Rannells
Margaretha,Luce
Tarrah,Weekley
Cedric,Benthall
Ham,Ghiraldi
Bobbe,Keuning
Vaughn,Dwyr
Adham,Cryer
Julie,Skellern
Harwilll,Duerden
Nanine,Palumbo
Judye,Brimblecombe
Karissa,Allain
Oswald,Gover
Madelaine,Durtnal
Mozes,Heaton
Bridget,Cattemull
Dov,Greendale
Livvie,Connop
Briney,Broadbridge
Alonzo,Cockton
Richardo,Gulberg
Jere,Foxwell
Patricia,Saltsberg
Patin,Tewkesbury
Drucill,Priditt
Drud,Dilks
Tull,Pinniger
Skippie,Peacocke
Corella,Biggins
Jaquelyn,Tootell
Joann,Porter
Leontine,Aitkin
Carla,Olensby
Hilarius,Fley
Dianemarie,Happel
Ban,Iacovielli
Sheri,Pawelek
Anne-marie,Nesbit
Corrine,Kinworthy
Hatty,Blankman
Hayden,Reddick
Joceline,Lebang
Tiff,Yedall
Sada,Rudinger
Stesha,Healks
Nadean,Withams
Gib,Livingston
Libby,Olford
Merrielle,Matchitt
Leif,Mynett
Hebert,Piscopiello
Courtney,Trunkfield
Hedwig,Muggleton
Myra,Viollet
Melantha,By
Neal,Siddall
Giselbert,Mitchely
Ban,Andrew
Willetta,Dubock
Tara,Vittet
Weidar,Kopp
Kalie,Dreigher
Mackenzie,Ramard
Rosina,Bodley
Richmound,Pitney
Mordecai,Alison
Dorotea,Llewhellin
Gare,Niland
Dinah,Du Pre
Bowie,De Fraine
Almeria,Hatchard
Jacinda,Duker
Fayette,Litchmore
Carie,Headrick
Murial,Capstick
Allistir,BoHlingolsen
Casi,Blades
Laurene,Menchenton
Sarajane,Peto
Andee,Tripon
Deonne,Preddle
Jeni,Blindermann
Kessia,Leacock
Demetri,Bennie
Andras,Gillibrand
Lenette,Dunklee
Barry,Vasilevich
Ofelia,Petrussi
Hersh,McGifford
Gusti,Kindred
Arabele,Bolte
Vernor,Gueinn
Roshelle,Bullus
Orlan,Broseman
Gabby,Talby
Maynard,Hartwell
Gerhardine,Challace
Janenna,Lamy
Nicol,Toy
Janene,Surmeir
Sam,Maseres
Tobit,Shellshear
Jermaine,Gillitt
Clark,Hamshar
Arnuad,Duinkerk
Beth,Burbank
Elberta,Bushrod
Caressa,Yule
Liam,Toy
Lezlie,Radford
Rora,Skep
Ivy,Ianittello
Sondra,Scramage
Annaliese,Auchterlonie
Kym,Hazelhurst
Aldon,Berth
Welbie,Benduhn
Angelina,Gonoude
Anya,Forrestall
Kaja,Spraggs
Sissy,Landre
Marijo,Elis
Taddeusz,Woodall
Dena,Cristofalo
Sonnie,Salerno
Ann-marie,Elphee
Celina,Fraulo
Kittie,Davys
Rogerio,Alesi
Broddy,Gadesby
Rivy,Orrah
Marlene,Grisard
Francine,Honacker
Reena,Boatswain
Karina,Gullan
Anthe,Berthon
Tomasine,Haitlie
Nathanael,Hachard
Cornela,Mose
Danice,Leinweber
Renee,Dranfield
Germaine,Vlahos
Cindee,Iskowitz
Yurik,Laste
Dorian,Morrissey
Bruno,Acres
Perceval,Bantock
Manuel,Muzzi
Maxie,Castree
Westbrooke,Fallow
Jessalin,Gonnet
Philippe,MacDowal
Gustie,Wimpenny
Laurens,Purtell
Donielle,Huckster
Clarence,Ragdale
Alberto,Nerney
Wesley,Claypole
Rochester,Smogur
Heinrik,Lipp
Alaric,Poon
Regine,Edmenson
Dietrich,Node
Car,Kintish
Ernst,Ledrun
Archibold,Goodbar
Mark,Bray
Minne,McCullough
Cilka,Krinks
Latrina,Philott
Wyatan,Cassely
Pandora,Elph
Eberhard,Chippin
Calhoun,Stopps
Liesa,Shipway
Benetta,Dykins
Carolyne,Normanvill
Elysee,McGarrahan
Lissa,Lighten
Chiquita,Gater
Aigneis,Taphouse
Sarita,Dumberrill
Veriee,Muckle
Maribeth,de Broke